freq,unit,geo\TIME_PERIOD	2004-Q1 	2004-Q2 	2004-Q3 	2004-Q4 	2005-Q1 	2005-Q2 	2005-Q3 	2005-Q4 	2006-Q1 	2006-Q2 	2006-Q3 	2006-Q4 	2007-Q1 	2007-Q2 	2007-Q3 	2007-Q4 	2008-Q1 	2008-Q2 	2008-Q3 	2008-Q4 	2009-Q1 	2009-Q2 	2009-Q3 	2009-Q4 	2010-Q1 	2010-Q2 	2010-Q3 	2010-Q4 	2011-Q1 	2011-Q2 	2011-Q3 	2011-Q4 	2012-Q1 	2012-Q2 	2012-Q3 	2012-Q4 	2013-Q1 	2013-Q2 	2013-Q3 	2013-Q4 	2014-Q1 	2014-Q2 	2014-Q3 	2014-Q4 	2015-Q1 	2015-Q2 	2015-Q3 	2015-Q4 	2016-Q1 	2016-Q2 	2016-Q3 	2016-Q4 	2017-Q1 	2017-Q2 	2017-Q3 	2017-Q4 	2018-Q1 	2018-Q2 	2018-Q3 	2018-Q4 	2019-Q1 	2019-Q2 	2019-Q3 	2019-Q4 	2020-Q1 	2020-Q2 	2020-Q3 	2020-Q4 	2021-Q1 	2021-Q2 	2021-Q3 	2021-Q4 	2022-Q1 	2022-Q2 	2022-Q3 	2022-Q4 	2023-Q1 	2023-Q2 	2023-Q3 
Q,MIO_PKM,AT	2094 	2144 	2095 	1962 	2185 	2122 	2149 	2014 	2216 	2193 	2104 	2138 	2212 	2246 	2233 	2236 	2378 	2592 	2552 	2638 	2336 	2433 	2635 	2686 	: c	: c	: c	: c	: c	: c	: c	: c	: c	: c	: c	: c	: c	: c	: c	: c	: c	: c	: c	: c	: c	: c	: c	: c	: c	: c	: c	: c	: c	: c	: c	: c	: c	: c	: c	: c	: c	: c	: c	: c	: c	: c	: c	: c	: c	: c	: c	: c	: c	: c	: c	: c	: c	: c	: 
Q,MIO_PKM,BA	: 	: 	: 	: 	: 	: 	: 	: 	: 	: 	: 	: 	: 	: 	: 	: 	: 	: 	: 	: 	: 	: 	: 	: 	: 	: 	: 	: 	: 	: 	: 	: 	: 	: 	: 	: 	: 	: 	: 	: 	: 	: 	: 	: 	: 	: 	: 	: 	: 	: 	: 	: 	: 	: 	: 	: 	: 	: 	: 	: 	: 	: 	: 	: 	: 	: 	: 	: 	3 	4 	7 	5 	5 	10 	9 	8 	6 	9 	: 
Q,MIO_PKM,BE	2094 	2163 	2142 	2271 	2193 	2308 	2235 	2381 	2367 	2467 	2309 	2484 	2377 	2543 	2376 	2633 	2542 	2647 	2481 	2731 	2592 	2682 	2452 	2726 	2517 	2767 	2537 	2743 	2486 	2733 	2506 	2710 	2400 	2700 	2500 	2700 	: c	: c	: c	: c	: c	: c	: c	: c	: c	: c	: c	: c	: c	: c	: c	: c	: c	: c	: c	: c	: c	: c	: c	: c	: c	: c	: c	: c	: c	: c	: c	: c	: c	: c	: c	: c	: c	: c	: c	: c	: c	: c	: 
Q,MIO_PKM,BG	: 	: 	: 	: 	: 	: 	: 	: 	530 	622 	674 	596 	552 	609 	680 	582 	550 	594 	642 	549 	494 	550 	586 	514 	472 	537 	578 	514 	462 	553 	599 	445 	414 	492 	517 	447 	403 	478 	507 	433 	392 	444 	465 	397 	344 	411 	429 	365 	328 	376 	408 	343 	308 	374 	410 	343 	312 	378 	434 	352 	328 	388 	446 	357 	295 	219 	352 	261 	235 	297 	389 	282 	273 	405 	523 	398 	342 	402 	475 
Q,MIO_PKM,CH	: 	: 	: 	: 	: 	: 	: 	: 	: 	: 	: 	: 	: 	: 	: 	: 	3952 	4169 	4231 	4278 	4230 	4244 	4385 	4318 	4297 	4407 	4551 	4652 	4589 	4706 	4849 	4786 	4559 	4422 	4558 	4701 	4398 	4579 	4618 	4691 	4532 	4651 	4814 	4821 	4591 	4754 	4837 	4914 	4738 	4899 	4918 	5033 	4808 	4864 	4877 	5033 	4610 	4835 	4836 	4992 	4869 	5044 	5187 	5213 	4398 	1860 	3565 	2867 	2482 	3017 	3798 	4029 	3644 	4634 	4888 	4918 	4877 	5221 	5428 
Q,MIO_PKM,CZ	1617 	1664 	1628 	1681 	1582 	1697 	1663 	1725 	1692 	1806 	1639 	1785 	1656 	1782 	1727 	1734 	1557 	1734 	1701 	1811 	1548 	1698 	1639 	1617 	1505 	1742 	1640 	1704 	1523 	1743 	1709 	1739 	1645 	1882 	1829 	1909 	1739 	1942 	1920 	2000 	1742 	2008 	2020 	2027 	1832 	2164 	2158 	2144 	2007 	2236 	2364 	2227 	2065 	2439 	2577 	2434 	2221 	2667 	2717 	2687 	2378 	2906 	2994 	2787 	2054 	1137 	2149 	1144 	969 	1488 	2381 	2052 	1878 	2664 	2764 	2517 	2120 	2607 	2887 
Q,MIO_PKM,DE	17161 	17877 	18733 	18792 	17294 	18313 	19808 	19532 	18057 	19500 	20348 	19898 	18642 	19821 	20594 	19763 	18983 	20198 	21480 	21101 	19398 	19919 	20869 	20651 	19596 	20533 	21268 	21365 	19851 	20993 	21948 	22082 	20964 	21735 	22807 	22784 	20988 	21841 	22793 	22770 	21157 	22199 	23828 	22533 	21123 	21675 	23487 	23372 	22015 	23472 	23862 	24324 	22698 	24147 	24545 	24433 	23062 	24487 	25504 	24710 	23339 	24858 	25631 	25899 	20074 	8256 	16433 	11900 	8464 	11597 	18188 	18448 	15583 	25060 	29375 	24612 	21169 	26601 	29337 
Q,MIO_PKM,DK	1355 	1434 	1480 	1476 	1342 	1467 	1463 	1488 	1395 	1507 	1494 	1507 	1398 	1501 	1499 	1570 	1433 	1521 	1546 	1595 	1388 	1505 	1532 	1555 	1438 	1520 	1575 	1626 	1544 	1585 	1649 	1624 	1573 	1636 	1583 	1724 	1604 	1667 	1589 	1713 	1562 	1655 	1591 	1705 	1580 	1616 	1607 	1704 	1546 	1596 	1562 	1624 	1543 	1595 	1529 	1613 	1490 	1584 	1506 	1601 	1507 	1512 	1534 	1620 	1255 	636 	1126 	923 	587 	962 	1298 	1343 	1120 	1552 	1570 	1573 	1456 	1550 	1565 
Q,MIO_PKM,EE	43 	51 	51 	48 	53 	59 	70 	65 	55 	65 	70 	66 	61 	71 	74 	68 	63 	71 	74 	66 	59 	63 	65 	63 	58 	64 	64 	61 	57 	62 	62 	61 	55 	61 	61 	58 	49 	55 	58 	60 	60 	70 	81 	71 	67 	75 	83 	67 	73 	78 	82 	82 	85 	91 	91 	99 	98 	109 	107 	103 	93 	103 	94 	102 	77 	42 	80 	65 	50 	73 	88 	79 	75 	104 	106 	98 	93 	108 	: 
Q,MIO_PKM,EL	369 	404 	462 	463 	425 	448 	514 	467 	408 	426 	544 	448 	443 	470 	536 	484 	407 	437 	425 	388 	372 	392 	361 	342 	317 	345 	354 	367 	292 	279 	222 	208 	208 	208 	208 	208 	247 	262 	273 	274 	266 	266 	273 	267 	297 	330 	336 	300 	316 	295 	280 	301 	272 	276 	293 	272 	239 	263 	288 	314 	265 	300 	342 	347 	258 	86 	199 	97 	74 	135 	212 	231 	197 	281 	313 	322 	201 	161 	: 
Q,MIO_PKM,ES	4734 	5109 	5322 	5079 	4866 	5398 	5492 	5293 	4959 	5582 	5598 	5382 	5086 	5566 	5400 	5183 	5373 	6009 	6062 	5891 	5309 	5901 	5770 	5805 	5358 	5700 	5463 	5558 	5280 	5938 	5636 	5628 	5407 	5779 	5488 	5495 	5466 	6215 	6005 	5974 	5643 	6432 	6509 	6331 	5879 	6604 	6390 	6604 	6172 	6866 	6804 	6690 	6384 	7178 	6938 	6873 	6540 	7424 	7168 	7188 	6736 	7390 	7254 	7214 	5499 	958 	2963 	2560 	2548 	3773 	5022 	5456 	5106 	6582 	6732 	7121 	7529 	8724 	9224 
Q,MIO_PKM,EU27_2007	: 	: 	: 	: 	: 	: 	: 	: 	89870 	97523 	98882 	97059 	92335 	99485 	101617 	97145 	95707 	102778 	104712 	102071 	94962 	101816 	102484 	101088 	: c	: c	: c	: c	: c	: c	: c	: c	: c	: c	: c	: c	: c	: c	: c	: c	: c	: c	: c	: c	: c	: c	: c	: c	: c	: c	: c	: c	: c	: c	: c	: c	: c	: c	: c	: c	: c	: c	: c	: c	: c	: c	: c	: 	: 	: 	: 	: 	: 	: 	: 	: 	: 	: 	: 
Q,MIO_PKM,EU27_2020	: 	: 	: 	: 	: 	: 	: 	: 	79002 	86150 	87117 	85090 	80579 	87421 	89061 	84620 	83256 	89749 	91664 	89366 	82599 	89215 	89553 	88020 	: c	: c	: c	: c	: c	: c	: c	: c	: c	: c	: c	: c	: c	: c	: c	: c	: c	: c	: c	: c	: c	: c	: c	: c	: c	: c	: c	: c	: c	: c	: c	: c	: c	: c	: c	: c	: c	: c	: c	: c	: c	: c	: c	: c	: c	: c	: c	: c	74200 	103254 	111604 	105063 	95356 	112553 	: 
Q,MIO_PKM,EU28	: 	: 	: 	: 	: 	: 	: 	: 	90170 	97847 	99201 	97438 	92708 	99866 	101995 	97584 	96135 	103226 	105147 	102529 	95401 	102278 	102933 	101540 	: c	: c	: c	: c	: c	: c	: c	: c	: c	: c	: c	: c	: c	: c	: c	: c	: c	: c	: c	: c	: c	: c	: c	: c	: c	: c	: c	: c	: c	: c	: c	: c	: c	: c	: c	: c	: c	: c	: c	: c	: 	: 	: 	: 	: 	: 	: 	: 	: 	: 	: 	: 	: 	: 	: 
Q,MIO_PKM,FI	842 	797 	834 	873 	877 	812 	877 	902 	889 	854 	900 	939 	937 	899 	957 	996 	1024 	958 	1021 	1050 	973 	931 	978 	1005 	1005 	925 	993 	1040 	963 	925 	998 	996 	971 	967 	1014 	1083 	1007 	1001 	1008 	1036 	971 	971 	973 	959 	931 	1008 	1105 	1070 	933 	927 	988 	1019 	987 	1035 	1065 	1158 	1117 	1095 	1107 	1216 	1165 	1205 	1250 	1305 	1098 	359 	774 	589 	475 	586 	880 	962 	811 	1166 	1323 	1273 	1188 	1302 	: 
Q,MIO_PKM,FR	17385 	19123 	19016 	18769 	18182 	19693 	19979 	19030 	18739 	20634 	20433 	20003 	19118 	21344 	21844 	19655 	20352 	22084 	22343 	21737 	20617 	22948 	22628 	22417 	20378 	22290 	: c	: c	21323 	23899 	23286 	22797 	21538 	23444 	23313 	22909 	21304 	23304 	23064 	22812 	20991 	22649 	23123 	22736 	21297 	23722 	23705 	22653 	22076 	22695 	23560 	23500 	22102 	23739 	24477 	24706 	23219 	19478 	24430 	24690 	23778 	25588 	25972 	21201 	18492 	5422 	19644 	13048 	14103 	15849 	22524 	23378 	21264 	26755 	27963 	26832 	23397 	28170 	: 
Q,MIO_PKM,HR	280 	295 	317 	321 	299 	303 	300 	325 	300 	323 	320 	379 	374 	381 	379 	439 	428 	448 	435 	458 	439 	462 	448 	453 	414 	439 	411 	446 	401 	415 	288 	353 	270 	284 	246 	280 	237 	248 	219 	231 	224 	234 	207 	252 	213 	222 	212 	293 	218 	219 	189 	201 	175 	195 	169 	196 	179 	193 	177 	199 	177 	185 	168 	194 	155 	60 	117 	116 	105 	127 	165 	141 	141 	180 	232 	259 	308 	340 	307 
Q,MIO_PKM,HU	2282 	2550 	2690 	2884 	2207 	2506 	2430 	2600 	1935 	2423 	2441 	2401 	2106 	2288 	2099 	2258 	1976 	2109 	2105 	2102 	1870 	2117 	2024 	2061 	1815 	1952 	1954 	1960 	1773 	2021 	1959 	2010 	1793 	1991 	1998 	2024 	1809 	1991 	2038 	2004 	1812 	2011 	1981 	1934 	1784 	1997 	1937 	1891 	1778 	1960 	1963 	1926 	1778 	: c	: c	1942 	1830 	2014 	1991 	1935 	1798 	1965 	2003 	1986 	1679 	661 	1570 	944 	896 	1183 	1714 	1642 	1579 	1930 	2201 	2107 	1947 	2595 	3062 
Q,MIO_PKM,IE	329 	464 	406 	383 	347 	481 	408 	545 	430 	441 	491 	510 	437 	614 	481 	465 	441 	607 	476 	451 	391 	517 	394 	380 	432 	525 	407 	314 	414 	444 	449 	331 	377 	384 	418 	399 	364 	382 	412 	410 	382 	414 	434 	465 	438 	471 	502 	506 	470 	489 	515 	516 	483 	519 	563 	557 	517 	565 	600 	599 	565 	592 	623 	619 	465 	52 	167 	150 	74 	180 	301 	315 	311 	423 	501 	513 	459 	491 	527 
Q,MIO_PKM,IT	10765 	11701 	11829 	11283 	10890 	11799 	11898 	11558 	10937 	12176 	11958 	11367 	10929 	11940 	11972 	11144 	11090 	11848 	11672 	11157 	10641 	11766 	11327 	10670 	10266 	11332 	10980 	10771 	10342 	10342 	9937 	9339 	10895 	11777 	10988 	11180 	11507 	12635 	11727 	11853 	11745 	13000 	12019 	12119 	12019 	13536 	12718 	12884 	12063 	13123 	12728 	13100 	12513 	13771 	12940 	13555 	12905 	14528 	13576 	14027 	13146 	14806 	13753 	14455 	8813 	2089 	6765 	4398 	3623 	5905 	8505 	9387 	8153 	12145 	12768 	13076 	12186 	14410 	: 
Q,MIO_PKM,LT	88 	67 	83 	69 	62 	64 	87 	67 	58 	64 	91 	55 	51 	61 	78 	56 	52 	60 	82 	64 	53 	57 	69 	52 	52 	61 	70 	61 	58 	69 	76 	66 	61 	72 	78 	68 	64 	72 	77 	65 	59 	69 	76 	66 	58 	67 	73 	63 	61 	70 	79 	69 	69 	84 	84 	78 	75 	92 	97 	91 	86 	95 	93 	84 	71 	41 	82 	44 	35 	71 	96 	85 	72 	102 	115 	92 	79 	101 	114 
Q,MIO_PKM,LU	73 	67 	56 	71 	72 	71 	56 	73 	79 	74 	66 	78 	84 	80 	69 	84 	88 	90 	77 	90 	88 	82 	75 	87 	89 	84 	82 	91 	: c	: c	79 	88 	97 	92 	86 	99 	98 	98 	90 	99 	92 	88 	89 	97 	106 	104 	97 	112 	111 	107 	94 	105 	111 	109 	103 	114 	120 	111 	87 	124 	120 	116 	101 	126 	104 	25 	59 	82 	67 	77 	67 	92 	95 	93 	89 	112 	123 	118 	: 
Q,MIO_PKM,LV	176 	202 	232 	201 	187 	222 	257 	223 	204 	239 	279 	264 	217 	254 	274 	237 	207 	240 	272 	222 	193 	199 	192 	164 	172 	189 	204 	176 	156 	190 	210 	177 	157 	186 	200 	174 	158 	188 	205 	169 	146 	165 	183 	150 	132 	152 	169 	138 	124 	154 	165 	141 	131 	153 	167 	145 	133 	164 	175 	151 	140 	169 	180 	154 	124 	72 	133 	84 	60 	88 	122 	91 	92 	140 	167 	140 	129 	155 	175 
Q,MIO_PKM,ME	: 	: 	: 	: 	: 	: 	: 	: 	: 	: 	: 	: 	20 	28 	42 	21 	23 	31 	45 	27 	20 	26 	35 	19 	24 	19 	33 	15 	13 	17 	23 	13 	8 	15 	26 	13 	12 	16 	28 	17 	17 	18 	23 	17 	15 	21 	27 	18 	17 	19 	31 	17 	13 	14 	20 	13 	12 	17 	23 	14 	12 	17 	24 	13 	10 	3 	9 	6 	4 	9 	16 	8 	7 	14 	19 	11 	11 	18 	: 
Q,MIO_PKM,MK	: 	: 	: 	: 	: 	: 	: 	: 	: 	: 	: 	: 	: 	: 	: 	: 	: 	: 	: 	: 	37 	41 	36 	40 	35 	40 	39 	40 	35 	38 	36 	36 	29 	24 	24 	22 	19 	21 	21 	20 	17 	18 	22 	24 	16 	23 	61 	78 	27 	19 	19 	19 	12 	15 	15 	17 	16 	18 	14 	16 	15 	16 	14 	17 	10 	3 	7 	6 	6 	6 	7 	7 	6 	12 	12 	16 	12 	9 	6 
Q,MIO_PKM,NL	: c	: c	: c	3823 	3524 	3792 	3565 	4102 	3803 	4006 	3727 	4160 	3832 	3981 	3813 	4257 	3846 	4186 	3932 	4379 	3815 	4152 	4007 	4481 	4114 	4211 	4040 	4535 	4406 	4376 	4072 	4625 	4363 	3900 	4420 	5088 	4567 	4790 	4561 	5126 	4817 	5041 	4811 	5336 	4238 	4427 	4163 	4695 	4352 	4541 	4278 	4809 	4466 	4656 	4392 	4923 	4581 	4770 	4507 	5038 	4695 	4885 	4621 	5152 	4006 	1049 	2086 	2024 	1579 	2368 	3168 	3738 	3319 	4654 	4155 	4977 	4558 	4912 	4706 
Q,MIO_PKM,NO	679 	654 	661 	670 	652 	697 	673 	678 	683 	658 	674 	725 	753 	747 	750 	741 	718 	731 	803 	779 	705 	716 	796 	776 	691 	712 	808 	822 	724 	701 	788 	735 	783 	772 	765 	784 	790 	831 	832 	807 	829 	868 	898 	858 	878 	903 	921 	861 	902 	931 	969 	871 	886 	886 	907 	926 	911 	948 	926 	974 	960 	967 	926 	958 	762 	273 	416 	336 	278 	353 	520 	645 	600 	955 	806 	871 	859 	884 	850 
Q,MIO_PKM,PL	4190 	4590 	5101 	4329 	3964 	4291 	5116 	4308 	4205 	4635 	5208 	4341 	4178 	4755 	5594 	4621 	4508 	4956 	5631 	4563 	4177 	4645 	5170 	4201 	3955 	4396 	4912 	4357 	3999 	4484 	4947 	4218 	3989 	4350 	4751 	4061 	3829 	4153 	4619 	3872 	3693 	3820 	4338 	3610 	3705 	4211 	4877 	4232 	3710 	4631 	5391 	4568 	4538 	5108 	5591 	4711 	4599 	5237 	6062 	5065 	4901 	5452 	6280 	5341 	4338 	1651 	4123 	2409 	2485 	3326 	5496 	4439 	4458 	6031 	7154 	5884 	5433 	6387 	7493 
Q,MIO_PKM,PT	858 	938 	964 	931 	894 	955 	955 	948 	924 	992 	996 	964 	943 	995 	1029 	1020 	1003 	1062 	1108 	1039 	983 	1056 	1084 	1029 	979 	1045 	1062 	1025 	1006 	1063 	1086 	989 	945 	978 	978 	901 	835 	938 	957 	920 	896 	978 	1021 	957 	919 	996 	1042 	982 	943 	1063 	1104 	1035 	1000 	1132 	1171 	1089 	1036 	1157 	1211 	1085 	1063 	1274 	1354 	1273 	973 	283 	668 	628 	407 	674 	844 	968 	903 	1145 	1224 	1148 	1030 	1189 	1317 
Q,MIO_PKM,RO	1792 	2153 	2657 	2031 	1862 	1843 	2353 	1902 	1765 	1982 	2390 	1929 	1753 	1879 	2134 	1651 	1531 	1715 	2065 	1566 	1344 	1532 	1769 	1330 	1153 	1350 	1537 	1208 	1092 	1294 	1553 	1105 	884 	1165 	1400 	1069 	905 	1090 	1367 	989 	1043 	1233 	1531 	1163 	1015 	1228 	1517 	1151 	993 	1175 	1489 	1073 	1104 	1383 	1579 	1490 	1126 	1354 	1617 	1329 	1215 	1451 	1684 	1386 	1102 	592 	1130 	785 	830 	937 	1415 	922 	999 	1497 	1740 	1380 	1278 	1466 	: 
Q,MIO_PKM,RS	: 	: 	: 	: 	: 	: 	: 	: 	: 	: 	: 	: 	: 	: 	: 	: 	: 	: 	: 	: 	: 	: 	: 	: 	: 	: 	: 	: 	: 	: 	: 	: 	: 	: 	: 	: 	: 	: 	: 	: 	: 	: 	: 	: 	: 	: 	: 	: 	: 	: 	: 	: 	: 	: 	: 	: 	: 	: 	: 	: 	: 	: 	: 	: 	: 	: 	: 	: 	: c	: c	: c	: c	43 	122 	120 	141 	109 	131 	: 
Q,MIO_PKM,SE	2175 	2136 	2090 	2233 	2177 	2187 	2180 	2366 	2330 	2388 	2302 	2597 	2485 	2592 	2467 	2716 	2699 	2816 	2704 	2927 	2809 	2838 	2722 	2953 	2664 	2842 	2739 	2910 	2739 	2867 	2818 	2955 	2874 	2940 	2901 	3077 	2902 	3019 	2936 	3000 	2927 	3051 	2976 	3073 	3046 	3154 	3170 	3279 	3054 	3223 	3209 	3314 	3256 	3369 	3285 	3421 	3304 	3454 	3264 	3525 	3540 	3692 	3620 	3765 	3324 	1250 	1892 	1662 	1311 	1580 	2345 	2792 	: c	: c	: c	: c	: c	: c	: c
Q,MIO_PKM,SI	195 	186 	186 	196 	196 	190 	190 	199 	192 	201 	190 	210 	196 	202 	204 	210 	189 	194 	194 	188 	194 	191 	190 	198 	196 	187 	167 	180 	188 	168 	167 	167 	185 	148 	146 	179 	174 	166 	169 	171 	170 	150 	139 	160 	152 	148 	147 	180 	161 	150 	149 	152 	141 	142 	141 	147 	142 	141 	139 	147 	140 	141 	142 	149 	118 	61 	93 	67 	104 	121 	135 	144 	146 	165 	167 	167 	167 	162 	187 
Q,MIO_PKM,SK	542 	564 	548 	574 	527 	554 	514 	586 	533 	548 	545 	587 	513 	545 	548 	558 	537 	574 	585 	601 	517 	577 	569 	580 	548 	574 	576 	612 	568 	615 	618 	631 	581 	615 	622 	632 	572 	634 	634 	627 	597 	632 	640 	703 	799 	855 	880 	912 	869 	914 	883 	912 	921 	1012 	1001 	1010 	951 	1035 	1028 	1005 	1001 	1059 	1076 	1049 	804 	315 	714 	359 	230 	485 	761 	576 	623 	913 	909 	893 	846 	933 	1002 
Q,MIO_PKM,TR	1277 	1354 	1387 	1219 	1176 	1251 	1423 	1186 	1290 	1309 	1397 	1282 	1234 	1540 	1452 	1327 	1269 	1340 	1287 	1201 	1211 	1384 	1433 	1347 	1262 	1395 	1416 	1418 	1395 	1489 	1553 	1446 	1155 	1145 	1158 	1140 	996 	1002 	908 	860 	954 	1052 	1216 	1171 	1143 	1218 	1295 	1173 	1115 	1123 	1081 	1006 	1018 	1101 	1234 	1164 	1209 	1349 	1531 	1471 	1605 	2913 	3083 	3395 	2779 	509 	1465 	1299 	1247 	1296 	2634 	3344 	3473 	4123 	3995 	4593 	4047 	4375 	: 
Q,MIO_PKM,UK	10613 	10616 	11033 	11212 	10687 	11329 	11078 	11550 	11168 	11696 	12085 	12348 	12130 	12445 	12934 	12964 	12879 	13477 	13483 	13163 	12802 	13063 	13380 	13521 	13484 	13920 	14323 	14104 	14270 	14528 	14934 	14874 	15167 	14960 	15509 	15319 	14883 	15526 	15813 	15754 	15404 	15971 	16562 	16773 	16043 	16525 	17052 	16983 	16575 	16915 	17292 	17228 	16969 	16981 	17546 	17415 	16743 	17344 	17826 	17794 	17272 	18000 	18428 	18124 	14668 	1258 	4967 	: 	: 	: 	: 	: 	: 	: 	: 	: 	: 	: 	: 
Q,THS_PAS,AT	48070 	47870 	47380 	44896 	48600 	47000 	48400 	47300 	49300 	50600 	49400 	46600 	50300 	51000 	50200 	48100 	52441 	53848 	47830 	53500 	48529 	49815 	52482 	54928 	: c	: c	: c	: c	: c	: c	: c	: c	: c	: c	: c	: c	: c	: c	: c	: c	: c	: c	: c	: c	: c	: c	: c	: c	: c	: c	: c	: c	: c	: c	: c	: c	: c	: c	: c	: c	: c	: c	: c	: c	: c	: c	: c	: c	: c	: c	: c	: c	: c	: c	: c	: c	: c	: c	: 
Q,THS_PAS,BA	: 	: 	: 	: 	: 	: 	: 	: 	: 	: 	: 	: 	: 	: 	: 	: 	: 	: 	: 	: 	: 	: 	: 	: 	: 	: 	: 	: 	: 	: 	: 	: 	: 	: 	: 	: 	: 	: 	: 	: 	: 	: 	: 	: 	: 	: 	: 	: 	: 	: 	: 	: 	: 	: 	: 	: 	: 	: 	: 	: 	: 	: 	: 	: 	: 	: 	: 	: 	37 	48 	79 	86 	86 	129 	115 	111 	95 	119 	: 
Q,THS_PAS,BE	44923 	44717 	39914 	48821 	47436 	47299 	41210 	50325 	51269 	50697 	43373 	52932 	51118 	53593 	45449 	56298 	54511 	55347 	48037 	58868 	56885 	56599 	46837 	59126 	56458 	58541 	48952 	60068 	55773 	57830 	48358 	59339 	55000 	57000 	48000 	59000 	: c	: c	: c	: c	: c	: c	: c	: c	: c	: c	: c	: c	: c	: c	: c	: c	: c	: c	: c	: c	: c	: c	: c	: c	: c	: c	: c	: c	: c	: c	: c	: c	: c	: c	: c	: c	: c	: c	: c	: c	: c	: c	: 
Q,THS_PAS,BG	: 	: 	: 	: 	: 	: 	: 	: 	8127 	8958 	8589 	8438 	8304 	8520 	8413 	8046 	8213 	8769 	8638 	8139 	7625 	8078 	7992 	7666 	7192 	7730 	7679 	7502 	7115 	7805 	7820 	6548 	6211 	6899 	6863 	6535 	6205 	6775 	6756 	6324 	6041 	6396 	6274 	5904 	5400 	5907 	5760 	5450 	5123 	5497 	5630 	5176 	4872 	5521 	5620 	5181 	4877 	5596 	5650 	5207 	4958 	5584 	5686 	5101 	4590 	3533 	4663 	3998 	3701 	4344 	4888 	4209 	4143 	5854 	7006 	6063 	5048 	5693 	5876 
Q,THS_PAS,CH	: 	: 	: 	: 	: 	: 	: 	: 	: 	: 	: 	: 	: 	: 	: 	: 	78220 	82557 	82839 	84666 	81963 	82478 	83839 	84716 	84805 	86486 	88297 	93022 	90094 	91511 	93883 	95000 	96064 	90163 	91485 	96431 	90578 	93483 	91973 	97176 	94510 	95694 	99826 	110934 	109087 	110883 	116194 	120227 	115133 	119280 	117775 	123408 	119342 	119986 	119142 	125068 	118643 	123270 	121125 	127597 	123978 	126102 	127831 	131313 	112214 	53871 	96025 	83057 	72489 	78581 	93383 	101544 	93864 	110535 	115737 	119862 	120078 	123710 	126592 
Q,THS_PAS,CZ	47664 	45953 	41602 	45730 	45489 	45340 	42349 	47088 	46691 	46269 	42458 	47609 	46888 	47834 	42128 	47384 	44916 	45509 	42069 	44930 	41031 	42869 	39878 	41180 	40014 	42579 	39415 	42793 	40719 	43232 	40311 	43671 	42904 	44682 	40600 	44616 	42023 	46309 	41641 	44514 	42681 	45457 	42946 	44967 	42591 	46196 	43397 	44439 	43077 	46126 	45521 	44411 	43937 	46995 	46333 	45893 	45183 	49105 	47063 	48290 	47197 	50051 	49221 	47740 	38988 	25934 	39053 	25167 	22715 	32512 	38820 	39774 	37863 	45465 	45516 	46679 	41644 	46671 	46778 
Q,THS_PAS,DE	519600 	506400 	507800 	536800 	510600 	522200 	550700 	547400 	542909 	542528 	551907 	574452 	544954 	555055 	552523 	539604 	557630 	582139 	586058 	605225 	582699 	575379 	566103 	595191 	572174 	583309 	584892 	617324 	621150 	617905 	617518 	654654 	650510 	613500 	630871 	659318 	654029 	637564 	648405 	675311 	656511 	650236 	661127 	680898 	656298 	642403 	656358 	695528 	672176 	702265 	680583 	718372 	708722 	706338 	714406 	717851 	705485 	712346 	708179 	747517 	720915 	725410 	731455 	743856 	620036 	295000 	480000 	406081 	322700 	392500 	524300 	516600 	470600 	656000 	740100 	663383 	598400 	689100 	730400 
Q,THS_PAS,DK	38604 	38642 	38947 	41469 	38067 	40885 	38670 	42141 	39075 	40972 	40071 	42316 	40135 	40518 	39902 	43773 	40517 	43058 	41300 	44226 	41240 	43417 	43455 	45002 	42495 	43665 	41917 	47011 	44591 	45510 	44736 	47490 	46914 	46715 	45225 	50142 	47508 	48221 	45719 	52014 	51298 	52156 	50514 	54343 	50942 	53105 	52651 	55555 	51167 	54221 	51450 	54353 	51903 	51877 	48866 	53921 	49536 	52850 	49548 	53306 	50616 	51452 	50992 	53537 	42110 	23303 	36991 	31493 	19656 	32027 	39862 	42190 	38309 	48549 	48831 	49218 	48392 	51519 	51393 
Q,THS_PAS,EE	1243 	1430 	1378 	1223 	1139 	1271 	1402 	1343 	1193 	1359 	1418 	1330 	1276 	1427 	1427 	1311 	1266 	1368 	1391 	1260 	1165 	1249 	1282 	1198 	1141 	1249 	1231 	1179 	1121 	1226 	1229 	1185 	1121 	1155 	1084 	1049 	928 	1018 	1090 	1160 	1236 	1480 	1645 	1562 	1522 	1686 	1715 	1666 	1640 	1787 	1743 	1752 	1740 	1887 	1852 	1955 	1865 	2046 	1898 	1950 	1957 	2163 	2105 	2147 	1800 	978 	1673 	1534 	1202 	1529 	1755 	1591 	1495 	1978 	1837 	1819 	1793 	2072 	: 
Q,THS_PAS,EL	2105 	2284 	2479 	2545 	2277 	2455 	2711 	2516 	2246 	2450 	2822 	2490 	2310 	2497 	4082 	4325 	3801 	4065 	4030 	4154 	3111 	3893 	3838 	3440 	3206 	3490 	3579 	3542 	1253 	1192 	848 	792 	3164 	3164 	3164 	3164 	3085 	3277 	3415 	3419 	3323 	3321 	3418 	3337 	3842 	4153 	4084 	3961 	4060 	3907 	3650 	3963 	3698 	3912 	4092 	3816 	3596 	3807 	4021 	5366 	4754 	4831 	4767 	5253 	3958 	1512 	2979 	1771 	1362 	2109 	3007 	3550 	3102 	3956 	3948 	4366 	3151 	3151 	: 
Q,THS_PAS,ES	151780 	151495 	132978 	155167 	152747 	163235 	137403 	159989 	161348 	160754 	140797 	163457 	162506 	160672 	136261 	158316 	156739 	160981 	137869 	156392 	147469 	147568 	127087 	149038 	139734 	144482 	123562 	145153 	144154 	146014 	126378 	148923 	145886 	142603 	121746 	145121 	143638 	144004 	122310 	148673 	141285 	144252 	124125 	149671 	140193 	144167 	128487 	149094 	140008 	149341 	130353 	150039 	148623 	151487 	134748 	158497 	150246 	163229 	140311 	165269 	161458 	160348 	139321 	165980 	131495 	35048 	77545 	85390 	81867 	100547 	99937 	122041 	120568 	134845 	127618 	158563 	161348 	164272 	157015 
Q,THS_PAS,FI	15607 	14208 	15049 	15859 	16125 	15040 	15471 	16613 	16262 	15617 	16277 	16742 	16978 	15970 	16602 	17610 	17709 	16588 	17674 	18061 	17271 	16558 	17377 	17553 	17167 	16206 	17241 	18507 	16961 	16418 	17269 	17728 	17028 	16656 	17377 	18271 	17211 	16875 	17305 	17927 	17158 	16770 	17067 	17267 	16997 	20492 	18951 	19513 	19984 	20516 	19324 	22290 	21660 	20331 	20999 	22713 	22199 	20845 	21095 	23364 	22553 	22426 	22681 	25142 	18742 	10777 	14838 	15193 	10580 	12183 	15109 	17136 	15154 	19273 	20622 	21040 	19777 	20690 	: 
Q,THS_PAS,FR	238425 	244897 	205710 	252589 	249363 	257145 	216525 	260733 	258214 	267865 	221591 	274260 	271128 	276187 	241840 	276268 	278399 	284863 	240810 	288961 	279559 	289266 	240831 	291985 	274433 	282724 	: c	: c	283979 	295752 	246947 	298611 	291619 	300087 	254024 	304566 	296492 	303165 	255409 	309757 	294757 	299392 	255370 	308159 	300863 	302264 	277874 	323200 	320482 	306643 	283122 	324750 	327264 	319693 	289621 	340616 	332562 	277789 	293647 	342610 	336644 	339925 	303462 	285299 	244776 	81365 	205988 	191724 	192935 	196795 	229212 	275455 	261711 	297005 	273282 	310411 	286303 	217006 	: 
Q,THS_PAS,HR	9301 	9070 	8409 	9968 	9749 	10141 	8981 	10835 	10481 	10593 	10029 	14941 	15523 	15547 	14716 	17187 	17853 	17714 	16954 	18279 	18835 	18805 	17639 	18123 	17714 	17781 	16505 	17421 	16452 	15636 	7564 	10200 	7256 	7210 	5786 	7324 	6575 	6370 	4936 	6336 	5928 	5633 	4312 	6017 	5734 	5454 	4235 	6226 	5656 	5388 	4118 	5547 	5045 	5158 	4080 	5520 	5203 	5235 	4238 	5568 	5156 	5076 	4139 	5455 	4761 	1697 	3111 	3530 	3105 	3385 	3020 	4023 	4180 	4672 	4613 	5116 	6015 	6185 	5459 
Q,THS_PAS,HU	37639 	39649 	38824 	43879 	36932 	39232 	38122 	39413 	36939 	39307 	37499 	40277 	36743 	39788 	33595 	39424 	35490 	37305 	34873 	37231 	35450 	37125 	33437 	36791 	35089 	35459 	33535 	36339 	35499 	36905 	35057 	38100 	36744 	37458 	35365 	38235 	36852 	37643 	36074 	37931 	36654 	37714 	35009 	36751 	36030 	37425 	34455 	36488 	36000 	37603 	35358 	37622 	36013 	: c	: c	37435 	36833 	38228 	35780 	37144 	36472 	37328 	35884 	37202 	34190 	15296 	29171 	22072 	19316 	23831 	29611 	31066 	31022 	35316 	36687 	38378 	37530 	46357 	54021 
Q,THS_PAS,IE	7686 	10436 	8020 	8408 	8415 	11070 	8721 	9449 	9452 	12780 	10345 	10775 	10190 	13829 	10706 	10638 	10093 	13846 	10452 	10256 	9176 	11946 	8900 	8790 	10077 	11910 	9185 	7054 	9792 	10181 	9931 	7470 	8992 	8984 	9520 	9421 	8807 	9102 	9581 	9640 	8784 	9351 	9588 	10082 	9114 	9722 	10299 	10525 	10113 	10422 	11014 	11265 	10429 	11254 	11888 	11934 	11012 	11996 	12439 	12512 	11854 	12428 	12870 	12908 	9796 	1196 	3539 	3399 	1684 	3886 	5678 	6163 	6461 	8531 	10070 	10784 	9569 	10443 	10521 
Q,THS_PAS,IT	131635 	130020 	114673 	128023 	133735 	133043 	115889 	134101 	139256 	142183 	122151 	136707 	142189 	146345 	128249 	141087 	147155 	154513 	140568 	146768 	143140 	151362 	141167 	148283 	151925 	162749 	151041 	155851 	157108 	150964 	125744 	123945 	211509 	214088 	185269 	202732 	207897 	217822 	185054 	203121 	211654 	219225 	184960 	205008 	212577 	222639 	187513 	206654 	204628 	214206 	187495 	215912 	213725 	220082 	191098 	223853 	215195 	222259 	198815 	230319 	218201 	225385 	203153 	236562 	149261 	45978 	98159 	88977 	84136 	111509 	127425 	157248 	139773 	180519 	167750 	193534 	190355 	208686 	: 
Q,THS_PAS,LT	1677 	1494 	1686 	1531 	1515 	1428 	1659 	1478 	1372 	1336 	1741 	1039 	1065 	1096 	1266 	1052 	1006 	1054 	1272 	1116 	945 	947 	1064 	863 	850 	955 	1047 	944 	920 	1044 	1126 	1038 	960 	1082 	1163 	1046 	1021 	1134 	1162 	1028 	945 	1046 	1127 	1008 	858 	988 	1018 	927 	883 	985 	1083 	964 	962 	1114 	1087 	1014 	974 	1203 	1256 	1232 	1201 	1330 	1287 	1173 	988 	573 	1020 	656 	519 	1046 	1204 	1179 	925 	1195 	1292 	1052 	986 	1247 	1306 
Q,THS_PAS,LU	3741 	3447 	2858 	3639 	3703 	3644 	2904 	3803 	3927 	3694 	3278 	3894 	4355 	4133 	3589 	4364 	4520 	4591 	3927 	4637 	4539 	4196 	3835 	4469 	4657 	4353 	4198 	4731 	: c	: c	4115 	4573 	5140 	4830 	4482 	5239 	5234 	5240 	4781 	5458 	5423 	5192 	5216 	5672 	5694 	5596 	5202 	6004 	5953 	5763 	5079 	5664 	5724 	5803 	5305 	6099 	6322 	5793 	4768 	6449 	6461 	6239 	5690 	6625 	5560 	1346 	3309 	4313 	3791 	4147 	3794 	4864 	5256 	4997 	5322 	6460 	6974 	6846 	: 
Q,THS_PAS,LV	5307 	5871 	6890 	5788 	5498 	6526 	7567 	6324 	5864 	6572 	7781 	7170 	6083 	7076 	7679 	6582 	5880 	6791 	7558 	6474 	5552 	5651 	5454 	4847 	4849 	5207 	5929 	4819 	4463 	5269 	5914 	4801 	4403 	5066 	5584 	4655 	4337 	5103 	5561 	4729 	4403 	4958 	5742 	4087 	3831 	4324 	4953 	3956 	3663 	4493 	4937 	4136 	3899 	4446 	4938 	4211 	3907 	4808 	5178 	4348 	4075 	4871 	5256 	4421 	3755 	2343 	4117 	2648 	1924 	2716 	3625 	2779 	2827 	4051 	4835 	3982 	3706 	4514 	4819 
Q,THS_PAS,ME	: 	: 	: 	: 	: 	: 	: 	: 	: 	: 	: 	: 	194 	255 	360 	190 	200 	280 	374 	177 	157 	215 	310 	170 	125 	185 	302 	143 	123 	173 	247 	149 	134 	185 	292 	170 	160 	205 	307 	250 	239 	278 	339 	266 	240 	317 	394 	285 	271 	291 	453 	269 	216 	232 	278 	201 	190 	258 	328 	215 	192 	256 	327 	211 	154 	57 	164 	98 	68 	135 	226 	126 	126 	214 	270 	164 	147 	223 	: 
Q,THS_PAS,MK	: 	: 	: 	: 	: 	: 	: 	: 	: 	: 	: 	: 	: 	: 	: 	: 	: 	: 	: 	: 	364 	407 	355 	397 	346 	398 	379 	389 	338 	377 	352 	354 	288 	252 	243 	229 	198 	221 	220 	215 	182 	191 	208 	221 	155 	205 	309 	353 	167 	170 	165 	162 	102 	131 	125 	143 	132 	148 	124 	136 	130 	147 	124 	148 	93 	28 	68 	64 	59 	64 	66 	64 	61 	105 	108 	131 	102 	73 	56 
Q,THS_PAS,NL	: c	: c	: c	84551 	80746 	83573 	76390 	90201 	83890 	85487 	78843 	90251 	86403 	86722 	81833 	92544 	85164 	85702 	77579 	91621 	84488 	85022 	86288 	83659 	85321 	85376 	82610 	93467 	85824 	84108 	78319 	87946 	93162 	88508 	100317 	93850 	83795 	84283 	79277 	89328 	84486 	84973 	79968 	89752 	97996 	98261 	93034 	102862 	97798 	98063 	92836 	102664 	97600 	97865 	92638 	102466 	97401 	97667 	92440 	102268 	97203 	97469 	92242 	102070 	79355 	20772 	41324 	40090 	30973 	45034 	59752 	71406 	63730 	85692 	76232 	93289 	87245 	90988 	86181 
Q,THS_PAS,NO	12502 	12340 	13294 	13264 	12571 	13104 	13319 	13271 	12915 	12640 	13582 	13918 	14012 	13840 	14786 	14294 	13946 	13868 	14923 	14941 	13821 	13580 	14425 	14733 	13951 	13890 	14600 	15223 	14534 	14245 	14532 	15008 	16241 	15673 	14640 	16000 	17494 	17749 	16245 	16699 	17419 	17904 	17412 	17604 	18326 	18983 	18331 	18515 	18936 	19546 	19414 	17307 	18956 	18354 	17443 	19797 	19226 	20388 	18305 	20834 	20887 	20586 	18235 	21592 	17425 	6989 	9425 	8655 	6925 	8796 	10886 	14795 	13686 	17323 	16834 	19069 	19323 	19542 	18433 
Q,THS_PAS,PL	68218 	67282 	61270 	69513 	62344 	62075 	59612 	66338 	66317 	64476 	59792 	64410 	63917 	63874 	65345 	68651 	68390 	67617 	67458 	68802 	66642 	66459 	65305 	65309 	60109 	60505 	59503 	61344 	59684 	60252 	58833 	60193 	62155 	63264 	61107 	62881 	63005 	65162 	63752 	65633 	64640 	63537 	61603 	61991 	64307 	67434 	64520 	68062 	65518 	69973 	68689 	69449 	71440 	73545 	70277 	72922 	72009 	77299 	77792 	80482 	79251 	81605 	84315 	87787 	71357 	29562 	58774 	42995 	41890 	52480 	71282 	72622 	69089 	84602 	88394 	90517 	85310 	90836 	92138 
Q,THS_PAS,PT	38161 	39223 	36653 	38527 	37609 	38792 	35985 	38787 	38815 	39472 	37061 	39285 	39336 	39232 	37510 	40638 	39513 	40459 	38687 	39800 	38441 	39152 	37630 	38570 	37885 	38847 	37351 	38925 	38623 	38077 	36137 	36428 	35176 	33669 	31370 	31999 	30466 	32571 	30744 	32356 	31378 	32325 	31893 	32699 	31958 	32937 	32339 	33189 	32184 	33805 	33360 	34544 	34171 	36027 	35455 	36100 	35282 	37537 	36765 	37890 	37148 	43038 	46132 	49015 	39523 	12683 	27556 	28277 	18872 	28159 	32839 	39770 	37559 	43435 	44634 	45926 	44311 	49016 	53188 
Q,THS_PAS,RO	23570 	26291 	25095 	23718 	23686 	22751 	22460 	22609 	23744 	23669 	22853 	22980 	23883 	22331 	20121 	19419 	20092 	19269 	18558 	17424 	17364 	16833 	16192 	15149 	14727 	15115 	14077 	13751 	15379 	15860 	15116 	13801 	13298 	14568 	14457 	14096 	13847 	14445 	14609 	13521 	15834 	16386 	16849 	15682 	14852 	15496 	15998 	14872 	14470 	14808 	15472 	14109 	15799 	17055 	16591 	17885 	15324 	16365 	16372 	16654 	16487 	17010 	17364 	17049 	14898 	9067 	13597 	11526 	12082 	12637 	14912 	12928 	14565 	18123 	18561 	18068 	17826 	18325 	: 
Q,THS_PAS,RS	: 	: 	: 	: 	: 	: 	: 	: 	: 	: 	: 	: 	: 	: 	: 	: 	: 	: 	: 	: 	: 	: 	: 	: 	: 	: 	: 	: 	: 	: 	: 	: 	: 	: 	: 	: 	: 	: 	: 	: 	: 	: 	: 	: 	: 	: 	: 	: 	: 	: 	: 	: 	: 	: 	: 	: 	: 	: 	: 	: 	: 	: 	: 	: 	: 	: 	: 	: 	: c	: c	: c	: c	628 	1595 	1518 	1950 	1547 	1738 	: 
Q,THS_PAS,SE	37434 	36203 	33668 	39310 	37520 	37126 	34773 	40639 	39478 	38518 	36803 	44268 	41943 	41313 	39218 	46594 	44745 	44771 	42389 	47024 	45394 	45200 	41640 	46861 	43925 	45005 	43026 	47387 	45979 	46664 	45658 	48753 	48214 	48250 	46215 	50484 	49398 	50535 	48276 	52254 	51016 	51142 	48933 	54392 	53862 	53194 	50546 	56832 	54273 	55793 	51587 	59293 	57848 	57652 	52700 	61615 	60926 	62259 	56927 	66378 	65885 	66840 	62979 	68898 	63109 	30624 	38255 	37175 	31339 	35757 	42645 	54750 	: c	: c	: c	: c	: c	: c	: c
Q,THS_PAS,SI	4103 	3636 	3042 	4054 	4221 	3883 	3304 	4334 	4229 	3975 	3394 	4533 	4119 	3885 	3762 	4358 	4236 	3897 	3888 	4236 	4145 	3804 	3830 	4191 	4151 	3839 	3659 	4133 	4091 	3688 	3571 	3967 	4092 	3508 	3311 	4175 	4103 	3853 	3989 	4050 	3997 	3483 	3223 	3732 	3628 	3366 	3381 	3760 	3524 	3335 	3308 	3482 	3281 	3137 	3147 	3437 	3288 	3165 	3178 	3474 	3277 	3197 	3257 	3529 	2779 	1377 	2126 	1642 	2471 	2792 	3074 	3326 	3302 	3439 	3420 	3748 	3657 	3317 	3498 
Q,THS_PAS,SK	12758 	12635 	12008 	12924 	12608 	12485 	12051 	13245 	12204 	11832 	11616 	12433 	11648 	11921 	11477 	12016 	11772 	12335 	12013 	12444 	11109 	11910 	11413 	11743 	11405 	11708 	11321 	12149 	11729 	12072 	11701 	12029 	11567 	11243 	11022 	11299 	10425 	11366 	11092 	11146 	11681 	12426 	12003 	13137 	14632 	14400 	15062 	16664 	17002 	17231 	16816 	17537 	18465 	19536 	19055 	19234 	18343 	19866 	20196 	19930 	19842 	20456 	21152 	20628 	16322 	7937 	15345 	9455 	6556 	11403 	15382 	13020 	13671 	18184 	17903 	18255 	17150 	18471 	19338 
Q,THS_PAS,TR	17675 	19460 	19706 	19914 	18663 	19697 	19026 	18919 	18397 	20134 	19016 	19867 	19792 	21059 	19928 	20480 	20203 	20965 	17835 	20184 	18765 	21063 	19820 	20445 	19879 	21787 	20487 	22020 	21685 	23254 	20522 	20291 	18258 	18461 	16386 	17180 	15249 	12162 	7332 	11674 	17451 	19682 	18924 	22346 	22736 	24201 	22421 	25960 	23965 	23481 	19320 	22272 	20651 	21328 	20406 	23269 	22663 	24977 	24476 	28452 	27098 	42211 	43628 	51544 	41026 	9327 	25873 	23240 	21678 	22578 	39580 	52202 	50574 	60432 	56686 	68438 	59504 	63175 	: 
Q,THS_PAS,UK	264878 	260330 	265318 	279146 	267571 	277348 	268673 	290076 	274831 	283846 	289090 	309100 	299074 	301797 	311226 	326403 	318299 	327509 	326069 	332715 	319803 	312114 	312028 	327606 	339405 	331193 	342860 	352387 	362083 	354954 	366901 	379654 	394642 	368724 	385533 	395126 	389959 	395867 	401194 	412914 	416541 	404097 	418729 	440361 	431992 	424958 	433405 	451833 	447336 	437421 	435818 	451981 	445689 	426419 	437092 	448159 	437127 	439484 	445615 	461161 	453939 	449794 	460411 	472741 	401514 	36244 	137564 	: 	: 	: 	: 	: 	: 	: 	: 	: 	: 	: 	: 
